<cache Ver="2">
  <assembly guid="Assembly-CSharp-firstpass" path="D:\SteamLibrary\steamapps\common\REPO\REPO_Data\Managed\Assembly-CSharp-firstpass.dll" dateModified="638777687733841558" MMHOOKDate="0" references="" pluginVersion="0.0.0" badImageFormat="false" />
  <assembly guid="Assembly-CSharp" path="D:\SteamLibrary\steamapps\common\REPO\REPO_Data\Managed\Assembly-CSharp.dll" dateModified="638777687733841558" MMHOOKDate="638772061720000000" references="" pluginVersion="0.0.0" badImageFormat="false" />
  <assembly guid="Autodesk.Fbx" path="D:\SteamLibrary\steamapps\common\REPO\REPO_Data\Managed\Autodesk.Fbx.dll" dateModified="638777687745194624" MMHOOKDate="0" references="" pluginVersion="0.0.0" badImageFormat="false" />
  <assembly guid="Facepunch.Steamworks.Win64" path="D:\SteamLibrary\steamapps\common\REPO\REPO_Data\Managed\Facepunch.Steamworks.Win64.dll" dateModified="638777687733841558" MMHOOKDate="0" references="" pluginVersion="0.0.0" badImageFormat="false" />
  <assembly guid="FbxBuildTestAssets" path="D:\SteamLibrary\steamapps\common\REPO\REPO_Data\Managed\FbxBuildTestAssets.dll" dateModified="638777687746326698" MMHOOKDate="0" references="" pluginVersion="0.0.0" badImageFormat="false" />
  <assembly guid="Klattersynth" path="D:\SteamLibrary\steamapps\common\REPO\REPO_Data\Managed\Klattersynth.dll" dateModified="638777687745194624" MMHOOKDate="0" references="" pluginVersion="0.0.0" badImageFormat="false" />
  <assembly guid="Mono.Security" path="D:\SteamLibrary\steamapps\common\REPO\REPO_Data\Managed\Mono.Security.dll" dateModified="638777687750123782" MMHOOKDate="0" references="" pluginVersion="0.0.0" badImageFormat="false" />
  <assembly guid="mscorlib" path="D:\SteamLibrary\steamapps\common\REPO\REPO_Data\Managed\mscorlib.dll" dateModified="638777687733853411" MMHOOKDate="0" references="" pluginVersion="0.0.0" badImageFormat="false" />
  <assembly guid="netstandard" path="D:\SteamLibrary\steamapps\common\REPO\REPO_Data\Managed\netstandard.dll" dateModified="638777687751101016" MMHOOKDate="0" references="" pluginVersion="0.0.0" badImageFormat="false" />
  <assembly guid="Newtonsoft.Json" path="D:\SteamLibrary\steamapps\common\REPO\REPO_Data\Managed\Newtonsoft.Json.dll" dateModified="638777687733853411" MMHOOKDate="0" references="" pluginVersion="0.0.0" badImageFormat="false" />
  <assembly guid="Photon3Unity3D" path="D:\SteamLibrary\steamapps\common\REPO\REPO_Data\Managed\Photon3Unity3D.dll" dateModified="638777687745218729" MMHOOKDate="0" references="" pluginVersion="0.0.0" badImageFormat="false" />
  <assembly guid="PhotonChat" path="D:\SteamLibrary\steamapps\common\REPO\REPO_Data\Managed\PhotonChat.dll" dateModified="638777687750113784" MMHOOKDate="0" references="" pluginVersion="0.0.0" badImageFormat="false" />
  <assembly guid="PhotonRealtime" path="D:\SteamLibrary\steamapps\common\REPO\REPO_Data\Managed\PhotonRealtime.dll" dateModified="638777687745194624" MMHOOKDate="0" references="" pluginVersion="0.0.0" badImageFormat="false" />
  <assembly guid="PhotonUnityNetworking" path="D:\SteamLibrary\steamapps\common\REPO\REPO_Data\Managed\PhotonUnityNetworking.dll" dateModified="638777687751088965" MMHOOKDate="0" references="" pluginVersion="0.0.0" badImageFormat="false" />
  <assembly guid="PhotonUnityNetworking.Utilities" path="D:\SteamLibrary\steamapps\common\REPO\REPO_Data\Managed\PhotonUnityNetworking.Utilities.dll" dateModified="638777687745218729" MMHOOKDate="0" references="" pluginVersion="0.0.0" badImageFormat="false" />
  <assembly guid="PhotonVoice.API" path="D:\SteamLibrary\steamapps\common\REPO\REPO_Data\Managed\PhotonVoice.API.dll" dateModified="638777687750103797" MMHOOKDate="0" references="" pluginVersion="0.0.0" badImageFormat="false" />
  <assembly guid="PhotonVoice" path="D:\SteamLibrary\steamapps\common\REPO\REPO_Data\Managed\PhotonVoice.dll" dateModified="638777687749151372" MMHOOKDate="0" references="" pluginVersion="0.0.0" badImageFormat="false" />
  <assembly guid="PhotonVoice.PUN" path="D:\SteamLibrary\steamapps\common\REPO\REPO_Data\Managed\PhotonVoice.PUN.dll" dateModified="638777687749116266" MMHOOKDate="0" references="" pluginVersion="0.0.0" badImageFormat="false" />
  <assembly guid="SingularityGroup.HotReload.Runtime" path="D:\SteamLibrary\steamapps\common\REPO\REPO_Data\Managed\SingularityGroup.HotReload.Runtime.dll" dateModified="638777687749276692" MMHOOKDate="0" references="" pluginVersion="0.0.0" badImageFormat="false" />
  <assembly guid="SingularityGroup.HotReload.Runtime.Public" path="D:\SteamLibrary\steamapps\common\REPO\REPO_Data\Managed\SingularityGroup.HotReload.Runtime.Public.dll" dateModified="638777687749126263" MMHOOKDate="0" references="" pluginVersion="0.0.0" badImageFormat="false" />
  <assembly guid="Sirenix.OdinInspector.Attributes" path="D:\SteamLibrary\steamapps\common\REPO\REPO_Data\Managed\Sirenix.OdinInspector.Attributes.dll" dateModified="638777687750103797" MMHOOKDate="0" references="" pluginVersion="0.0.0" badImageFormat="false" />
  <assembly guid="Sirenix.Serialization.Config" path="D:\SteamLibrary\steamapps\common\REPO\REPO_Data\Managed\Sirenix.Serialization.Config.dll" dateModified="638777687749116266" MMHOOKDate="0" references="" pluginVersion="0.0.0" badImageFormat="false" />
  <assembly guid="Sirenix.Serialization" path="D:\SteamLibrary\steamapps\common\REPO\REPO_Data\Managed\Sirenix.Serialization.dll" dateModified="638777687733863415" MMHOOKDate="0" references="" pluginVersion="0.0.0" badImageFormat="false" />
  <assembly guid="Sirenix.Utilities" path="D:\SteamLibrary\steamapps\common\REPO\REPO_Data\Managed\Sirenix.Utilities.dll" dateModified="638777687749141338" MMHOOKDate="0" references="" pluginVersion="0.0.0" badImageFormat="false" />
  <assembly guid="System.ComponentModel.Composition" path="D:\SteamLibrary\steamapps\common\REPO\REPO_Data\Managed\System.ComponentModel.Composition.dll" dateModified="638777687750113784" MMHOOKDate="0" references="" pluginVersion="0.0.0" badImageFormat="false" />
  <assembly guid="System.Configuration" path="D:\SteamLibrary\steamapps\common\REPO\REPO_Data\Managed\System.Configuration.dll" dateModified="638777687750123782" MMHOOKDate="0" references="" pluginVersion="0.0.0" badImageFormat="false" />
  <assembly guid="System.Core" path="D:\SteamLibrary\steamapps\common\REPO\REPO_Data\Managed\System.Core.dll" dateModified="638777687733863415" MMHOOKDate="0" references="" pluginVersion="0.0.0" badImageFormat="false" />
  <assembly guid="System.Data.DataSetExtensions" path="D:\SteamLibrary\steamapps\common\REPO\REPO_Data\Managed\System.Data.DataSetExtensions.dll" dateModified="638777687750103797" MMHOOKDate="0" references="" pluginVersion="0.0.0" badImageFormat="false" />
  <assembly guid="System.Data" path="D:\SteamLibrary\steamapps\common\REPO\REPO_Data\Managed\System.Data.dll" dateModified="638777687733873559" MMHOOKDate="0" references="" pluginVersion="0.0.0" badImageFormat="false" />
  <assembly guid="System" path="D:\SteamLibrary\steamapps\common\REPO\REPO_Data\Managed\System.dll" dateModified="638777687733883446" MMHOOKDate="0" references="" pluginVersion="0.0.0" badImageFormat="false" />
  <assembly guid="System.Drawing" path="D:\SteamLibrary\steamapps\common\REPO\REPO_Data\Managed\System.Drawing.dll" dateModified="638777687733883446" MMHOOKDate="0" references="" pluginVersion="0.0.0" badImageFormat="false" />
  <assembly guid="System.EnterpriseServices" path="D:\SteamLibrary\steamapps\common\REPO\REPO_Data\Managed\System.EnterpriseServices.dll" dateModified="638777687754157273" MMHOOKDate="0" references="" pluginVersion="0.0.0" badImageFormat="false" />
  <assembly guid="System.IO.Compression" path="D:\SteamLibrary\steamapps\common\REPO\REPO_Data\Managed\System.IO.Compression.dll" dateModified="638777687750103797" MMHOOKDate="0" references="" pluginVersion="0.0.0" badImageFormat="false" />
  <assembly guid="System.IO.Compression.FileSystem" path="D:\SteamLibrary\steamapps\common\REPO\REPO_Data\Managed\System.IO.Compression.FileSystem.dll" dateModified="638777687754157273" MMHOOKDate="0" references="" pluginVersion="0.0.0" badImageFormat="false" />
  <assembly guid="System.Net.Http" path="D:\SteamLibrary\steamapps\common\REPO\REPO_Data\Managed\System.Net.Http.dll" dateModified="638777687754157273" MMHOOKDate="0" references="" pluginVersion="0.0.0" badImageFormat="false" />
  <assembly guid="System.Numerics" path="D:\SteamLibrary\steamapps\common\REPO\REPO_Data\Managed\System.Numerics.dll" dateModified="638777687750123782" MMHOOKDate="0" references="" pluginVersion="0.0.0" badImageFormat="false" />
  <assembly guid="System.Runtime.Serialization" path="D:\SteamLibrary\steamapps\common\REPO\REPO_Data\Managed\System.Runtime.Serialization.dll" dateModified="638777687733883446" MMHOOKDate="0" references="" pluginVersion="0.0.0" badImageFormat="false" />
  <assembly guid="System.Security" path="D:\SteamLibrary\steamapps\common\REPO\REPO_Data\Managed\System.Security.dll" dateModified="638777687733883446" MMHOOKDate="0" references="" pluginVersion="0.0.0" badImageFormat="false" />
  <assembly guid="System.ServiceModel.Internals" path="D:\SteamLibrary\steamapps\common\REPO\REPO_Data\Managed\System.ServiceModel.Internals.dll" dateModified="638777687746176486" MMHOOKDate="0" references="" pluginVersion="0.0.0" badImageFormat="false" />
  <assembly guid="System.Transactions" path="D:\SteamLibrary\steamapps\common\REPO\REPO_Data\Managed\System.Transactions.dll" dateModified="638777687750113784" MMHOOKDate="0" references="" pluginVersion="0.0.0" badImageFormat="false" />
  <assembly guid="System.Xml" path="D:\SteamLibrary\steamapps\common\REPO\REPO_Data\Managed\System.Xml.dll" dateModified="638777687733883446" MMHOOKDate="0" references="" pluginVersion="0.0.0" badImageFormat="false" />
  <assembly guid="System.Xml.Linq" path="D:\SteamLibrary\steamapps\common\REPO\REPO_Data\Managed\System.Xml.Linq.dll" dateModified="638777687746152800" MMHOOKDate="0" references="" pluginVersion="0.0.0" badImageFormat="false" />
  <assembly guid="Unity.AI.Navigation" path="D:\SteamLibrary\steamapps\common\REPO\REPO_Data\Managed\Unity.AI.Navigation.dll" dateModified="638777687746457903" MMHOOKDate="0" references="" pluginVersion="0.0.0" badImageFormat="false" />
  <assembly guid="Unity.Formats.Fbx.Runtime" path="D:\SteamLibrary\steamapps\common\REPO\REPO_Data\Managed\Unity.Formats.Fbx.Runtime.dll" dateModified="638777687746176486" MMHOOKDate="0" references="" pluginVersion="0.0.0" badImageFormat="false" />
  <assembly guid="Unity.InputSystem" path="D:\SteamLibrary\steamapps\common\REPO\REPO_Data\Managed\Unity.InputSystem.dll" dateModified="638777687733893485" MMHOOKDate="0" references="" pluginVersion="0.0.0" badImageFormat="false" />
  <assembly guid="Unity.InputSystem.ForUI" path="D:\SteamLibrary\steamapps\common\REPO\REPO_Data\Managed\Unity.InputSystem.ForUI.dll" dateModified="638777687754147178" MMHOOKDate="0" references="" pluginVersion="0.0.0" badImageFormat="false" />
  <assembly guid="Unity.Postprocessing.Runtime" path="D:\SteamLibrary\steamapps\common\REPO\REPO_Data\Managed\Unity.Postprocessing.Runtime.dll" dateModified="638777687746196537" MMHOOKDate="0" references="" pluginVersion="0.0.0" badImageFormat="false" />
  <assembly guid="Unity.RenderPipelines.Core.Runtime" path="D:\SteamLibrary\steamapps\common\REPO\REPO_Data\Managed\Unity.RenderPipelines.Core.Runtime.dll" dateModified="638777687733893485" MMHOOKDate="0" references="" pluginVersion="0.0.0" badImageFormat="false" />
  <assembly guid="Unity.RenderPipelines.Core.ShaderLibrary" path="D:\SteamLibrary\steamapps\common\REPO\REPO_Data\Managed\Unity.RenderPipelines.Core.ShaderLibrary.dll" dateModified="638777687756998724" MMHOOKDate="0" references="" pluginVersion="0.0.0" badImageFormat="false" />
  <assembly guid="Unity.RenderPipelines.ShaderGraph.ShaderGraphLibrary" path="D:\SteamLibrary\steamapps\common\REPO\REPO_Data\Managed\Unity.RenderPipelines.ShaderGraph.ShaderGraphLibrary.dll" dateModified="638777687753179307" MMHOOKDate="0" references="" pluginVersion="0.0.0" badImageFormat="false" />
  <assembly guid="Unity.TextMeshPro" path="D:\SteamLibrary\steamapps\common\REPO\REPO_Data\Managed\Unity.TextMeshPro.dll" dateModified="638777687733893485" MMHOOKDate="0" references="" pluginVersion="0.0.0" badImageFormat="false" />
  <assembly guid="Unity.Timeline" path="D:\SteamLibrary\steamapps\common\REPO\REPO_Data\Managed\Unity.Timeline.dll" dateModified="638777687746206533" MMHOOKDate="0" references="" pluginVersion="0.0.0" badImageFormat="false" />
  <assembly guid="Unity.VisualScripting.Antlr3.Runtime" path="D:\SteamLibrary\steamapps\common\REPO\REPO_Data\Managed\Unity.VisualScripting.Antlr3.Runtime.dll" dateModified="638777687753044111" MMHOOKDate="0" references="" pluginVersion="0.0.0" badImageFormat="false" />
  <assembly guid="Unity.VisualScripting.Core" path="D:\SteamLibrary\steamapps\common\REPO\REPO_Data\Managed\Unity.VisualScripting.Core.dll" dateModified="638777687733893485" MMHOOKDate="0" references="" pluginVersion="0.0.0" badImageFormat="false" />
  <assembly guid="Unity.VisualScripting.Flow" path="D:\SteamLibrary\steamapps\common\REPO\REPO_Data\Managed\Unity.VisualScripting.Flow.dll" dateModified="638777687733903485" MMHOOKDate="0" references="" pluginVersion="0.0.0" badImageFormat="false" />
  <assembly guid="Unity.VisualScripting.State" path="D:\SteamLibrary\steamapps\common\REPO\REPO_Data\Managed\Unity.VisualScripting.State.dll" dateModified="638777687753044111" MMHOOKDate="0" references="" pluginVersion="0.0.0" badImageFormat="false" />
  <assembly guid="UnityEngine.AccessibilityModule" path="D:\SteamLibrary\steamapps\common\REPO\REPO_Data\Managed\UnityEngine.AccessibilityModule.dll" dateModified="638777687755994971" MMHOOKDate="0" references="" pluginVersion="0.0.0" badImageFormat="false" />
  <assembly guid="UnityEngine.AIModule" path="D:\SteamLibrary\steamapps\common\REPO\REPO_Data\Managed\UnityEngine.AIModule.dll" dateModified="638777687753044111" MMHOOKDate="0" references="" pluginVersion="0.0.0" badImageFormat="false" />
  <assembly guid="UnityEngine.AndroidJNIModule" path="D:\SteamLibrary\steamapps\common\REPO\REPO_Data\Managed\UnityEngine.AndroidJNIModule.dll" dateModified="638777687753044111" MMHOOKDate="0" references="" pluginVersion="0.0.0" badImageFormat="false" />
  <assembly guid="UnityEngine.AnimationModule" path="D:\SteamLibrary\steamapps\common\REPO\REPO_Data\Managed\UnityEngine.AnimationModule.dll" dateModified="638777687756988728" MMHOOKDate="0" references="" pluginVersion="0.0.0" badImageFormat="false" />
  <assembly guid="UnityEngine.ARModule" path="D:\SteamLibrary\steamapps\common\REPO\REPO_Data\Managed\UnityEngine.ARModule.dll" dateModified="638777687753044111" MMHOOKDate="0" references="" pluginVersion="0.0.0" badImageFormat="false" />
  <assembly guid="UnityEngine.AssetBundleModule" path="D:\SteamLibrary\steamapps\common\REPO\REPO_Data\Managed\UnityEngine.AssetBundleModule.dll" dateModified="638777687746196537" MMHOOKDate="0" references="" pluginVersion="0.0.0" badImageFormat="false" />
  <assembly guid="UnityEngine.AudioModule" path="D:\SteamLibrary\steamapps\common\REPO\REPO_Data\Managed\UnityEngine.AudioModule.dll" dateModified="638777687746326698" MMHOOKDate="0" references="" pluginVersion="0.0.0" badImageFormat="false" />
  <assembly guid="UnityEngine.ClothModule" path="D:\SteamLibrary\steamapps\common\REPO\REPO_Data\Managed\UnityEngine.ClothModule.dll" dateModified="638777687746162802" MMHOOKDate="0" references="" pluginVersion="0.0.0" badImageFormat="false" />
  <assembly guid="UnityEngine.ClusterInputModule" path="D:\SteamLibrary\steamapps\common\REPO\REPO_Data\Managed\UnityEngine.ClusterInputModule.dll" dateModified="638777687753179307" MMHOOKDate="0" references="" pluginVersion="0.0.0" badImageFormat="false" />
  <assembly guid="UnityEngine.ClusterRendererModule" path="D:\SteamLibrary\steamapps\common\REPO\REPO_Data\Managed\UnityEngine.ClusterRendererModule.dll" dateModified="638777687746206533" MMHOOKDate="0" references="" pluginVersion="0.0.0" badImageFormat="false" />
  <assembly guid="UnityEngine.ContentLoadModule" path="D:\SteamLibrary\steamapps\common\REPO\REPO_Data\Managed\UnityEngine.ContentLoadModule.dll" dateModified="638777687746326698" MMHOOKDate="0" references="" pluginVersion="0.0.0" badImageFormat="false" />
  <assembly guid="UnityEngine.CoreModule" path="D:\SteamLibrary\steamapps\common\REPO\REPO_Data\Managed\UnityEngine.CoreModule.dll" dateModified="638777687733903485" MMHOOKDate="0" references="" pluginVersion="0.0.0" badImageFormat="false" />
  <assembly guid="UnityEngine.CrashReportingModule" path="D:\SteamLibrary\steamapps\common\REPO\REPO_Data\Managed\UnityEngine.CrashReportingModule.dll" dateModified="638777687746457903" MMHOOKDate="0" references="" pluginVersion="0.0.0" badImageFormat="false" />
  <assembly guid="UnityEngine.DirectorModule" path="D:\SteamLibrary\steamapps\common\REPO\REPO_Data\Managed\UnityEngine.DirectorModule.dll" dateModified="638777687753054138" MMHOOKDate="0" references="" pluginVersion="0.0.0" badImageFormat="false" />
  <assembly guid="UnityEngine" path="D:\SteamLibrary\steamapps\common\REPO\REPO_Data\Managed\UnityEngine.dll" dateModified="638777687753179307" MMHOOKDate="0" references="" pluginVersion="0.0.0" badImageFormat="false" />
  <assembly guid="UnityEngine.DSPGraphModule" path="D:\SteamLibrary\steamapps\common\REPO\REPO_Data\Managed\UnityEngine.DSPGraphModule.dll" dateModified="638777687763459021" MMHOOKDate="0" references="" pluginVersion="0.0.0" badImageFormat="false" />
  <assembly guid="UnityEngine.GameCenterModule" path="D:\SteamLibrary\steamapps\common\REPO\REPO_Data\Managed\UnityEngine.GameCenterModule.dll" dateModified="638777687746326698" MMHOOKDate="0" references="" pluginVersion="0.0.0" badImageFormat="false" />
  <assembly guid="UnityEngine.GIModule" path="D:\SteamLibrary\steamapps\common\REPO\REPO_Data\Managed\UnityEngine.GIModule.dll" dateModified="638777687746176486" MMHOOKDate="0" references="" pluginVersion="0.0.0" badImageFormat="false" />
  <assembly guid="UnityEngine.GridModule" path="D:\SteamLibrary\steamapps\common\REPO\REPO_Data\Managed\UnityEngine.GridModule.dll" dateModified="638777687753179307" MMHOOKDate="0" references="" pluginVersion="0.0.0" badImageFormat="false" />
  <assembly guid="UnityEngine.HotReloadModule" path="D:\SteamLibrary\steamapps\common\REPO\REPO_Data\Managed\UnityEngine.HotReloadModule.dll" dateModified="638777687756988728" MMHOOKDate="0" references="" pluginVersion="0.0.0" badImageFormat="false" />
  <assembly guid="UnityEngine.ImageConversionModule" path="D:\SteamLibrary\steamapps\common\REPO\REPO_Data\Managed\UnityEngine.ImageConversionModule.dll" dateModified="638777687753189362" MMHOOKDate="0" references="" pluginVersion="0.0.0" badImageFormat="false" />
  <assembly guid="UnityEngine.IMGUIModule" path="D:\SteamLibrary\steamapps\common\REPO\REPO_Data\Managed\UnityEngine.IMGUIModule.dll" dateModified="638777687747278971" MMHOOKDate="0" references="" pluginVersion="0.0.0" badImageFormat="false" />
  <assembly guid="UnityEngine.InputLegacyModule" path="D:\SteamLibrary\steamapps\common\REPO\REPO_Data\Managed\UnityEngine.InputLegacyModule.dll" dateModified="638777687747258974" MMHOOKDate="0" references="" pluginVersion="0.0.0" badImageFormat="false" />
  <assembly guid="UnityEngine.InputModule" path="D:\SteamLibrary\steamapps\common\REPO\REPO_Data\Managed\UnityEngine.InputModule.dll" dateModified="638777687764498977" MMHOOKDate="0" references="" pluginVersion="0.0.0" badImageFormat="false" />
  <assembly guid="UnityEngine.JSONSerializeModule" path="D:\SteamLibrary\steamapps\common\REPO\REPO_Data\Managed\UnityEngine.JSONSerializeModule.dll" dateModified="638777687758509679" MMHOOKDate="0" references="" pluginVersion="0.0.0" badImageFormat="false" />
  <assembly guid="UnityEngine.LocalizationModule" path="D:\SteamLibrary\steamapps\common\REPO\REPO_Data\Managed\UnityEngine.LocalizationModule.dll" dateModified="638777687747138902" MMHOOKDate="0" references="" pluginVersion="0.0.0" badImageFormat="false" />
  <assembly guid="UnityEngine.NVIDIAModule" path="D:\SteamLibrary\steamapps\common\REPO\REPO_Data\Managed\UnityEngine.NVIDIAModule.dll" dateModified="638777687747278971" MMHOOKDate="0" references="" pluginVersion="0.0.0" badImageFormat="false" />
  <assembly guid="UnityEngine.ParticleSystemModule" path="D:\SteamLibrary\steamapps\common\REPO\REPO_Data\Managed\UnityEngine.ParticleSystemModule.dll" dateModified="638777687753179307" MMHOOKDate="0" references="" pluginVersion="0.0.0" badImageFormat="false" />
  <assembly guid="UnityEngine.PerformanceReportingModule" path="D:\SteamLibrary\steamapps\common\REPO\REPO_Data\Managed\UnityEngine.PerformanceReportingModule.dll" dateModified="638777687753189362" MMHOOKDate="0" references="" pluginVersion="0.0.0" badImageFormat="false" />
  <assembly guid="UnityEngine.Physics2DModule" path="D:\SteamLibrary\steamapps\common\REPO\REPO_Data\Managed\UnityEngine.Physics2DModule.dll" dateModified="638777687759477720" MMHOOKDate="0" references="" pluginVersion="0.0.0" badImageFormat="false" />
  <assembly guid="UnityEngine.PhysicsModule" path="D:\SteamLibrary\steamapps\common\REPO\REPO_Data\Managed\UnityEngine.PhysicsModule.dll" dateModified="638777687759477720" MMHOOKDate="0" references="" pluginVersion="0.0.0" badImageFormat="false" />
  <assembly guid="UnityEngine.ProfilerModule" path="D:\SteamLibrary\steamapps\common\REPO\REPO_Data\Managed\UnityEngine.ProfilerModule.dll" dateModified="638777687760465131" MMHOOKDate="0" references="" pluginVersion="0.0.0" badImageFormat="false" />
  <assembly guid="UnityEngine.PropertiesModule" path="D:\SteamLibrary\steamapps\common\REPO\REPO_Data\Managed\UnityEngine.PropertiesModule.dll" dateModified="638777687760465131" MMHOOKDate="0" references="" pluginVersion="0.0.0" badImageFormat="false" />
  <assembly guid="UnityEngine.RuntimeInitializeOnLoadManagerInitializerModule" path="D:\SteamLibrary\steamapps\common\REPO\REPO_Data\Managed\UnityEngine.RuntimeInitializeOnLoadManagerInitializerModule.dll" dateModified="638777687747288972" MMHOOKDate="0" references="" pluginVersion="0.0.0" badImageFormat="false" />
  <assembly guid="UnityEngine.ScreenCaptureModule" path="D:\SteamLibrary\steamapps\common\REPO\REPO_Data\Managed\UnityEngine.ScreenCaptureModule.dll" dateModified="638777687753189362" MMHOOKDate="0" references="" pluginVersion="0.0.0" badImageFormat="false" />
  <assembly guid="UnityEngine.SharedInternalsModule" path="D:\SteamLibrary\steamapps\common\REPO\REPO_Data\Managed\UnityEngine.SharedInternalsModule.dll" dateModified="638777687753189362" MMHOOKDate="0" references="" pluginVersion="0.0.0" badImageFormat="false" />
  <assembly guid="UnityEngine.SpriteMaskModule" path="D:\SteamLibrary\steamapps\common\REPO\REPO_Data\Managed\UnityEngine.SpriteMaskModule.dll" dateModified="638777687747288972" MMHOOKDate="0" references="" pluginVersion="0.0.0" badImageFormat="false" />
  <assembly guid="UnityEngine.SpriteShapeModule" path="D:\SteamLibrary\steamapps\common\REPO\REPO_Data\Managed\UnityEngine.SpriteShapeModule.dll" dateModified="638777687760590383" MMHOOKDate="0" references="" pluginVersion="0.0.0" badImageFormat="false" />
  <assembly guid="UnityEngine.StreamingModule" path="D:\SteamLibrary\steamapps\common\REPO\REPO_Data\Managed\UnityEngine.StreamingModule.dll" dateModified="638777687747278971" MMHOOKDate="0" references="" pluginVersion="0.0.0" badImageFormat="false" />
  <assembly guid="UnityEngine.SubstanceModule" path="D:\SteamLibrary\steamapps\common\REPO\REPO_Data\Managed\UnityEngine.SubstanceModule.dll" dateModified="638777687754167253" MMHOOKDate="0" references="" pluginVersion="0.0.0" badImageFormat="false" />
  <assembly guid="UnityEngine.SubsystemsModule" path="D:\SteamLibrary\steamapps\common\REPO\REPO_Data\Managed\UnityEngine.SubsystemsModule.dll" dateModified="638777687747288972" MMHOOKDate="0" references="" pluginVersion="0.0.0" badImageFormat="false" />
  <assembly guid="UnityEngine.TerrainModule" path="D:\SteamLibrary\steamapps\common\REPO\REPO_Data\Managed\UnityEngine.TerrainModule.dll" dateModified="638777687754026270" MMHOOKDate="0" references="" pluginVersion="0.0.0" badImageFormat="false" />
  <assembly guid="UnityEngine.TerrainPhysicsModule" path="D:\SteamLibrary\steamapps\common\REPO\REPO_Data\Managed\UnityEngine.TerrainPhysicsModule.dll" dateModified="638777687764423485" MMHOOKDate="0" references="" pluginVersion="0.0.0" badImageFormat="false" />
  <assembly guid="UnityEngine.TextCoreFontEngineModule" path="D:\SteamLibrary\steamapps\common\REPO\REPO_Data\Managed\UnityEngine.TextCoreFontEngineModule.dll" dateModified="638777687754167253" MMHOOKDate="0" references="" pluginVersion="0.0.0" badImageFormat="false" />
  <assembly guid="UnityEngine.TextCoreTextEngineModule" path="D:\SteamLibrary\steamapps\common\REPO\REPO_Data\Managed\UnityEngine.TextCoreTextEngineModule.dll" dateModified="638777687748249011" MMHOOKDate="0" references="" pluginVersion="0.0.0" badImageFormat="false" />
  <assembly guid="UnityEngine.TextRenderingModule" path="D:\SteamLibrary\steamapps\common\REPO\REPO_Data\Managed\UnityEngine.TextRenderingModule.dll" dateModified="638777687748128051" MMHOOKDate="0" references="" pluginVersion="0.0.0" badImageFormat="false" />
  <assembly guid="UnityEngine.TilemapModule" path="D:\SteamLibrary\steamapps\common\REPO\REPO_Data\Managed\UnityEngine.TilemapModule.dll" dateModified="638777687748128051" MMHOOKDate="0" references="" pluginVersion="0.0.0" badImageFormat="false" />
  <assembly guid="UnityEngine.TLSModule" path="D:\SteamLibrary\steamapps\common\REPO\REPO_Data\Managed\UnityEngine.TLSModule.dll" dateModified="638777687748118067" MMHOOKDate="0" references="" pluginVersion="0.0.0" badImageFormat="false" />
  <assembly guid="UnityEngine.UI" path="D:\SteamLibrary\steamapps\common\REPO\REPO_Data\Managed\UnityEngine.UI.dll" dateModified="638777687733903485" MMHOOKDate="0" references="" pluginVersion="0.0.0" badImageFormat="false" />
  <assembly guid="UnityEngine.UIElementsModule" path="D:\SteamLibrary\steamapps\common\REPO\REPO_Data\Managed\UnityEngine.UIElementsModule.dll" dateModified="638777687733903485" MMHOOKDate="0" references="" pluginVersion="0.0.0" badImageFormat="false" />
  <assembly guid="UnityEngine.UIModule" path="D:\SteamLibrary\steamapps\common\REPO\REPO_Data\Managed\UnityEngine.UIModule.dll" dateModified="638777687754026270" MMHOOKDate="0" references="" pluginVersion="0.0.0" badImageFormat="false" />
  <assembly guid="UnityEngine.UmbraModule" path="D:\SteamLibrary\steamapps\common\REPO\REPO_Data\Managed\UnityEngine.UmbraModule.dll" dateModified="638777687748249011" MMHOOKDate="0" references="" pluginVersion="0.0.0" badImageFormat="false" />
  <assembly guid="UnityEngine.UnityAnalyticsCommonModule" path="D:\SteamLibrary\steamapps\common\REPO\REPO_Data\Managed\UnityEngine.UnityAnalyticsCommonModule.dll" dateModified="638777687748128051" MMHOOKDate="0" references="" pluginVersion="0.0.0" badImageFormat="false" />
  <assembly guid="UnityEngine.UnityAnalyticsModule" path="D:\SteamLibrary\steamapps\common\REPO\REPO_Data\Managed\UnityEngine.UnityAnalyticsModule.dll" dateModified="638777687764518950" MMHOOKDate="0" references="" pluginVersion="0.0.0" badImageFormat="false" />
  <assembly guid="UnityEngine.UnityConnectModule" path="D:\SteamLibrary\steamapps\common\REPO\REPO_Data\Managed\UnityEngine.UnityConnectModule.dll" dateModified="638777687754167253" MMHOOKDate="0" references="" pluginVersion="0.0.0" badImageFormat="false" />
  <assembly guid="UnityEngine.UnityCurlModule" path="D:\SteamLibrary\steamapps\common\REPO\REPO_Data\Managed\UnityEngine.UnityCurlModule.dll" dateModified="638777687764518950" MMHOOKDate="0" references="" pluginVersion="0.0.0" badImageFormat="false" />
  <assembly guid="UnityEngine.UnityTestProtocolModule" path="D:\SteamLibrary\steamapps\common\REPO\REPO_Data\Managed\UnityEngine.UnityTestProtocolModule.dll" dateModified="638777687764423485" MMHOOKDate="0" references="" pluginVersion="0.0.0" badImageFormat="false" />
  <assembly guid="UnityEngine.UnityWebRequestAssetBundleModule" path="D:\SteamLibrary\steamapps\common\REPO\REPO_Data\Managed\UnityEngine.UnityWebRequestAssetBundleModule.dll" dateModified="638777687748249011" MMHOOKDate="0" references="" pluginVersion="0.0.0" badImageFormat="false" />
  <assembly guid="UnityEngine.UnityWebRequestAudioModule" path="D:\SteamLibrary\steamapps\common\REPO\REPO_Data\Managed\UnityEngine.UnityWebRequestAudioModule.dll" dateModified="638777687765415764" MMHOOKDate="0" references="" pluginVersion="0.0.0" badImageFormat="false" />
  <assembly guid="UnityEngine.UnityWebRequestModule" path="D:\SteamLibrary\steamapps\common\REPO\REPO_Data\Managed\UnityEngine.UnityWebRequestModule.dll" dateModified="638777687764433477" MMHOOKDate="0" references="" pluginVersion="0.0.0" badImageFormat="false" />
  <assembly guid="UnityEngine.UnityWebRequestTextureModule" path="D:\SteamLibrary\steamapps\common\REPO\REPO_Data\Managed\UnityEngine.UnityWebRequestTextureModule.dll" dateModified="638777687765425673" MMHOOKDate="0" references="" pluginVersion="0.0.0" badImageFormat="false" />
  <assembly guid="UnityEngine.UnityWebRequestWWWModule" path="D:\SteamLibrary\steamapps\common\REPO\REPO_Data\Managed\UnityEngine.UnityWebRequestWWWModule.dll" dateModified="638777687749402549" MMHOOKDate="0" references="" pluginVersion="0.0.0" badImageFormat="false" />
  <assembly guid="UnityEngine.VehiclesModule" path="D:\SteamLibrary\steamapps\common\REPO\REPO_Data\Managed\UnityEngine.VehiclesModule.dll" dateModified="638777687749116266" MMHOOKDate="0" references="" pluginVersion="0.0.0" badImageFormat="false" />
  <assembly guid="UnityEngine.VFXModule" path="D:\SteamLibrary\steamapps\common\REPO\REPO_Data\Managed\UnityEngine.VFXModule.dll" dateModified="638777687754026270" MMHOOKDate="0" references="" pluginVersion="0.0.0" badImageFormat="false" />
  <assembly guid="UnityEngine.VideoModule" path="D:\SteamLibrary\steamapps\common\REPO\REPO_Data\Managed\UnityEngine.VideoModule.dll" dateModified="638777687765425673" MMHOOKDate="0" references="" pluginVersion="0.0.0" badImageFormat="false" />
  <assembly guid="UnityEngine.VirtualTexturingModule" path="D:\SteamLibrary\steamapps\common\REPO\REPO_Data\Managed\UnityEngine.VirtualTexturingModule.dll" dateModified="638777687771832736" MMHOOKDate="0" references="" pluginVersion="0.0.0" badImageFormat="false" />
  <assembly guid="UnityEngine.VRModule" path="D:\SteamLibrary\steamapps\common\REPO\REPO_Data\Managed\UnityEngine.VRModule.dll" dateModified="638777687754026270" MMHOOKDate="0" references="" pluginVersion="0.0.0" badImageFormat="false" />
  <assembly guid="UnityEngine.WindModule" path="D:\SteamLibrary\steamapps\common\REPO\REPO_Data\Managed\UnityEngine.WindModule.dll" dateModified="638777687749151372" MMHOOKDate="0" references="" pluginVersion="0.0.0" badImageFormat="false" />
  <assembly guid="UnityEngine.XRModule" path="D:\SteamLibrary\steamapps\common\REPO\REPO_Data\Managed\UnityEngine.XRModule.dll" dateModified="638777687749141338" MMHOOKDate="0" references="" pluginVersion="0.0.0" badImageFormat="false" />
  <assembly guid="websocket-sharp" path="D:\SteamLibrary\steamapps\common\REPO\REPO_Data\Managed\websocket-sharp.dll" dateModified="638777687754026270" MMHOOKDate="0" references="" pluginVersion="0.0.0" badImageFormat="false" />
  <assembly guid="0Harmony" path="D:\SteamLibrary\steamapps\common\REPO\BepInEx\core\0Harmony.dll" dateModified="638766899800000000" MMHOOKDate="0" references="" pluginVersion="0.0.0" badImageFormat="false" />
  <assembly guid="0Harmony20" path="D:\SteamLibrary\steamapps\common\REPO\BepInEx\core\0Harmony20.dll" dateModified="638766899800000000" MMHOOKDate="0" references="" pluginVersion="0.0.0" badImageFormat="false" />
  <assembly guid="BepInEx" path="D:\SteamLibrary\steamapps\common\REPO\BepInEx\core\BepInEx.dll" dateModified="638766899800000000" MMHOOKDate="0" references="" pluginVersion="0.0.0" badImageFormat="false" />
  <assembly guid="BepInEx.Harmony" path="D:\SteamLibrary\steamapps\common\REPO\BepInEx\core\BepInEx.Harmony.dll" dateModified="638766899800000000" MMHOOKDate="0" references="" pluginVersion="0.0.0" badImageFormat="false" />
  <assembly guid="BepInEx.Preloader" path="D:\SteamLibrary\steamapps\common\REPO\BepInEx\core\BepInEx.Preloader.dll" dateModified="638766899800000000" MMHOOKDate="0" references="" pluginVersion="0.0.0" badImageFormat="false" />
  <assembly guid="HarmonyXInterop" path="D:\SteamLibrary\steamapps\common\REPO\BepInEx\core\HarmonyXInterop.dll" dateModified="638766899800000000" MMHOOKDate="0" references="" pluginVersion="0.0.0" badImageFormat="false" />
  <assembly guid="Mono.Cecil" path="D:\SteamLibrary\steamapps\common\REPO\BepInEx\core\Mono.Cecil.dll" dateModified="638766899800000000" MMHOOKDate="0" references="" pluginVersion="0.0.0" badImageFormat="false" />
  <assembly guid="Mono.Cecil.Mdb" path="D:\SteamLibrary\steamapps\common\REPO\BepInEx\core\Mono.Cecil.Mdb.dll" dateModified="638766899800000000" MMHOOKDate="0" references="" pluginVersion="0.0.0" badImageFormat="false" />
  <assembly guid="Mono.Cecil.Pdb" path="D:\SteamLibrary\steamapps\common\REPO\BepInEx\core\Mono.Cecil.Pdb.dll" dateModified="638766899800000000" MMHOOKDate="0" references="" pluginVersion="0.0.0" badImageFormat="false" />
  <assembly guid="Mono.Cecil.Rocks" path="D:\SteamLibrary\steamapps\common\REPO\BepInEx\core\Mono.Cecil.Rocks.dll" dateModified="638766899800000000" MMHOOKDate="0" references="" pluginVersion="0.0.0" badImageFormat="false" />
  <assembly guid="MonoMod" path="D:\SteamLibrary\steamapps\common\REPO\BepInEx\core\MonoMod.dll" dateModified="638772057260000000" MMHOOKDate="0" references="" pluginVersion="0.0.0" badImageFormat="false" />
  <assembly guid="MonoMod.RuntimeDetour" path="D:\SteamLibrary\steamapps\common\REPO\BepInEx\core\MonoMod.RuntimeDetour.dll" dateModified="638766899800000000" MMHOOKDate="0" references="" pluginVersion="0.0.0" badImageFormat="false" />
  <assembly guid="MonoMod.RuntimeDetour.HookGen" path="D:\SteamLibrary\steamapps\common\REPO\BepInEx\core\MonoMod.RuntimeDetour.HookGen.dll" dateModified="638772057260000000" MMHOOKDate="0" references="" pluginVersion="0.0.0" badImageFormat="false" />
  <assembly guid="MonoMod.Utils" path="D:\SteamLibrary\steamapps\common\REPO\BepInEx\core\MonoMod.Utils.dll" dateModified="638766899800000000" MMHOOKDate="0" references="" pluginVersion="0.0.0" badImageFormat="false" />
  <assembly guid="NAudio.Asio" path="D:\SteamLibrary\steamapps\common\REPO\BepInEx\core\NAudio.Asio.dll" dateModified="638777744694051450" MMHOOKDate="0" references="" pluginVersion="0.0.0" badImageFormat="false" />
  <assembly guid="NAudio.Core" path="D:\SteamLibrary\steamapps\common\REPO\BepInEx\core\NAudio.Core.dll" dateModified="638777744694818876" MMHOOKDate="0" references="" pluginVersion="0.0.0" badImageFormat="false" />
  <assembly guid="NAudio" path="D:\SteamLibrary\steamapps\common\REPO\BepInEx\core\NAudio.dll" dateModified="638777744695283055" MMHOOKDate="0" references="" pluginVersion="0.0.0" badImageFormat="false" />
  <assembly guid="NAudio.Lame" path="D:\SteamLibrary\steamapps\common\REPO\BepInEx\core\NAudio.Lame.dll" dateModified="638777744696284303" MMHOOKDate="0" references="" pluginVersion="0.0.0" badImageFormat="false" />
  <assembly guid="NAudio.Midi" path="D:\SteamLibrary\steamapps\common\REPO\BepInEx\core\NAudio.Midi.dll" dateModified="638777744696936802" MMHOOKDate="0" references="" pluginVersion="0.0.0" badImageFormat="false" />
  <assembly guid="NAudio.Wasapi" path="D:\SteamLibrary\steamapps\common\REPO\BepInEx\core\NAudio.Wasapi.dll" dateModified="638777744697459213" MMHOOKDate="0" references="" pluginVersion="0.0.0" badImageFormat="false" />
  <assembly guid="NAudio.WinForms" path="D:\SteamLibrary\steamapps\common\REPO\BepInEx\core\NAudio.WinForms.dll" dateModified="638777744698005852" MMHOOKDate="0" references="" pluginVersion="0.0.0" badImageFormat="false" />
  <assembly guid="NAudio.WinMM" path="D:\SteamLibrary\steamapps\common\REPO\BepInEx\core\NAudio.WinMM.dll" dateModified="638777744698640749" MMHOOKDate="0" references="" pluginVersion="0.0.0" badImageFormat="false" />
  <assembly guid="XUnity.Common" path="D:\SteamLibrary\steamapps\common\REPO\BepInEx\core\XUnity.Common.dll" dateModified="638766899800000000" MMHOOKDate="0" references="" pluginVersion="0.0.0" badImageFormat="false" />
  <assembly guid="BepInEx.MonoMod.AutoHookGenPatcher" path="D:\SteamLibrary\steamapps\common\REPO\BepInEx\patchers\BepInEx.MonoMod.AutoHookGenPatcher.dll" dateModified="638772057260000000" MMHOOKDate="0" references="" pluginVersion="0.0.0" badImageFormat="false" />
  <assembly guid="ExIni" path="D:\SteamLibrary\steamapps\common\REPO\BepInEx\plugins\XUnity.AutoTranslator\ExIni.dll" dateModified="638766899800000000" MMHOOKDate="0" references="" pluginVersion="0.0.0" badImageFormat="false" />
  <assembly guid="gravydevsupreme.xunity.autotranslator" path="D:\SteamLibrary\steamapps\common\REPO\BepInEx\plugins\XUnity.AutoTranslator\XUnity.AutoTranslator.Plugin.BepInEx.dll" dateModified="638766899800000000" MMHOOKDate="0" references="" pluginVersion="5.4.4" badImageFormat="false" />
  <assembly guid="XUnity.AutoTranslator.Plugin.Core" path="D:\SteamLibrary\steamapps\common\REPO\BepInEx\plugins\XUnity.AutoTranslator\XUnity.AutoTranslator.Plugin.Core.dll" dateModified="638766899800000000" MMHOOKDate="0" references="" pluginVersion="0.0.0" badImageFormat="false" />
  <assembly guid="XUnity.AutoTranslator.Plugin.ExtProtocol" path="D:\SteamLibrary\steamapps\common\REPO\BepInEx\plugins\XUnity.AutoTranslator\XUnity.AutoTranslator.Plugin.ExtProtocol.dll" dateModified="638766899800000000" MMHOOKDate="0" references="" pluginVersion="0.0.0" badImageFormat="false" />
  <assembly guid="gravydevsupreme.xunity.resourceredirector" path="D:\SteamLibrary\steamapps\common\REPO\BepInEx\plugins\XUnity.ResourceRedirector\XUnity.ResourceRedirector.BepInEx.dll" dateModified="638766899820000000" MMHOOKDate="0" references="" pluginVersion="2.1.0" badImageFormat="false" />
  <assembly guid="XUnity.ResourceRedirector" path="D:\SteamLibrary\steamapps\common\REPO\BepInEx\plugins\XUnity.ResourceRedirector\XUnity.ResourceRedirector.dll" dateModified="638766899820000000" MMHOOKDate="0" references="" pluginVersion="0.0.0" badImageFormat="false" />
  <assembly guid="me.loaforc.soundapi" path="D:\SteamLibrary\steamapps\common\REPO\BepInEx\plugins\【前置】loaforcsSoundAPI\me.loaforc.soundapi.dll" dateModified="638769397960000000" MMHOOKDate="0" references="" pluginVersion="2.0.5" badImageFormat="false" />
  <assembly guid="nickklmao.menulib" path="D:\SteamLibrary\steamapps\common\REPO\BepInEx\plugins\【前置】UI前置\MenuLib.dll" dateModified="638774671920000000" MMHOOKDate="0" references="" pluginVersion="1.0.2" badImageFormat="false" />
  <assembly guid="REPOLib" path="D:\SteamLibrary\steamapps\common\REPO\BepInEx\plugins\【前置】拓展前置\REPOLib.dll" dateModified="638777718212954822" MMHOOKDate="0" references="" pluginVersion="1.4.2" badImageFormat="false" />
  <assembly guid="com.github.darmuh.FovUpdate" path="D:\SteamLibrary\steamapps\common\REPO\BepInEx\plugins\【实用】FOV\FovUpdate.dll" dateModified="638778204204205065" MMHOOKDate="0" references="" pluginVersion="0.2.3" badImageFormat="false" />
  <assembly guid="com.github.qert2002.REPO_FPSCounter" path="D:\SteamLibrary\steamapps\common\REPO\BepInEx\plugins\【实用】FPS\REPO_FPSCounter.dll" dateModified="638769441240000000" MMHOOKDate="0" references="" pluginVersion="1.0" badImageFormat="false" />
  <assembly guid="reepchik.betteritemscanner" path="D:\SteamLibrary\steamapps\common\REPO\BepInEx\plugins\【实用】F扫描仪\BetterItemScanner.dll" dateModified="638777737554097808" MMHOOKDate="0" references="" pluginVersion="1.0.0" badImageFormat="false" />
  <assembly guid="Godji.UltimateRevive" path="D:\SteamLibrary\steamapps\common\REPO\BepInEx\plugins\【实用】H手动复活（测试）\UltimateRevive.dll" dateModified="638774675600000000" MMHOOKDate="0" references="" pluginVersion="1.0.0" badImageFormat="false" />
  <assembly guid="zombieseatflesh7.ColoredNametags" path="D:\SteamLibrary\steamapps\common\REPO\BepInEx\plugins\【实用】id颜色自动变化\ColoredNametags.dll" dateModified="638773839880000000" MMHOOKDate="0" references="" pluginVersion="1.0.0" badImageFormat="false" />
  <assembly guid="nickklmao.repoconfig" path="D:\SteamLibrary\steamapps\common\REPO\BepInEx\plugins\【实用】mod调试\REPOConfig.dll" dateModified="638772063560000000" MMHOOKDate="0" references="" pluginVersion="1.1.1" badImageFormat="false" />
  <assembly guid="rebateman.latejoin" path="D:\SteamLibrary\steamapps\common\REPO\BepInEx\plugins\【实用】中途加入\LateJoin.dll" dateModified="638773838600000000" MMHOOKDate="0" references="" pluginVersion="0.1.2" badImageFormat="false" />
  <assembly guid="ItemSpawner" path="D:\SteamLibrary\steamapps\common\REPO\BepInEx\plugins\【实用】主机F1控制台\ItemSpawner.dll" dateModified="638775719520000000" MMHOOKDate="0" references="" pluginVersion="1.0.6" badImageFormat="false" />
  <assembly guid="nickklmao.justretry" path="D:\SteamLibrary\steamapps\common\REPO\BepInEx\plugins\【实用】再来一次\JustRetry.dll" dateModified="638777719439933550" MMHOOKDate="0" references="" pluginVersion="1.0.2" badImageFormat="false" />
  <assembly guid="Lazarus.BetterTruckHeals" path="D:\SteamLibrary\steamapps\common\REPO\BepInEx\plugins\【实用】卡车治愈更多\BetterTruckHeals.dll" dateModified="638770468220000000" MMHOOKDate="0" references="" pluginVersion="1.0.0" badImageFormat="false" />
  <assembly guid="Godji.UltimateHealthPacks" path="D:\SteamLibrary\steamapps\common\REPO\BepInEx\plugins\【实用】团队修复\UltimateHealthPacks.dll" dateModified="638776341980000000" MMHOOKDate="0" references="" pluginVersion="1.0.0" badImageFormat="false" />
  <assembly guid="MapValueTracker" path="D:\SteamLibrary\steamapps\common\REPO\BepInEx\plugins\【实用】地图物资总价值\MapValueTracker.dll" dateModified="638777758866065914" MMHOOKDate="0" references="" pluginVersion="1.1.6" badImageFormat="false" />
  <assembly guid="org.ccarrmcmahon.plugins.repo.essentials" path="D:\SteamLibrary\steamapps\common\REPO\BepInEx\plugins\【实用】基本对话\Essentials.dll" dateModified="638772060820000000" MMHOOKDate="0" references="" pluginVersion="0.3.1" badImageFormat="false" />
  <assembly guid="nickklmao.playercount" path="D:\SteamLibrary\steamapps\common\REPO\BepInEx\plugins\【实用】大厅人数ui\PlayerCount.dll" dateModified="638774672780000000" MMHOOKDate="0" references="" pluginVersion="1.0.0" badImageFormat="false" />
  <assembly guid="com.yourdomain.moreCommands" path="D:\SteamLibrary\steamapps\common\REPO\BepInEx\plugins\【实用】指令复活\moreCommands.dll" dateModified="638767942380000000" MMHOOKDate="0" references="" pluginVersion="1.0.5" badImageFormat="false" />
  <assembly guid="com.github.zehsteam.ExtractionPointConfirmButton" path="D:\SteamLibrary\steamapps\common\REPO\BepInEx\plugins\【实用】提取点确认\com.github.zehsteam.ExtractionPointConfirmButton.dll" dateModified="638767938900000000" MMHOOKDate="0" references="" pluginVersion="1.0.1" badImageFormat="false" />
  <assembly guid="ImprovedStamina" path="D:\SteamLibrary\steamapps\common\REPO\BepInEx\plugins\【实用】改进耐力恢复\ImprovedStamina.dll" dateModified="638767940820000000" MMHOOKDate="0" references="" pluginVersion="1.1.0" badImageFormat="false" />
  <assembly guid="Lazarus.NoGunSpread" path="D:\SteamLibrary\steamapps\common\REPO\BepInEx\plugins\【实用】无后座\NoGunSpread.dll" dateModified="638772078960000000" MMHOOKDate="0" references="" pluginVersion="1.0.0" badImageFormat="false" />
  <assembly guid="ironbean.LevelNumberHUD" path="D:\SteamLibrary\steamapps\common\REPO\BepInEx\plugins\【实用】显示层级\REPO Level Number.dll" dateModified="638772999700000000" MMHOOKDate="0" references="" pluginVersion="1.0.0" badImageFormat="false" />
  <assembly guid="zelofi.MorePlayers" path="D:\SteamLibrary\steamapps\common\REPO\BepInEx\plugins\【实用】更多玩家\MovePlayers.dll" dateModified="638766899800000000" MMHOOKDate="0" references="" pluginVersion="1.0.1" badImageFormat="false" />
  <assembly guid="Tidaleus.MoreReviveHP" path="D:\SteamLibrary\steamapps\common\REPO\BepInEx\plugins\【实用】更多血量重生\More Revive HP.dll" dateModified="638766901640000000" MMHOOKDate="0" references="" pluginVersion="1.0.0" badImageFormat="false" />
  <assembly guid="Megabyte21.BetterFlashlight" path="D:\SteamLibrary\steamapps\common\REPO\BepInEx\plugins\【实用】更好的手电\BetterFlashlightMod.dll" dateModified="638776378760000000" MMHOOKDate="0" references="" pluginVersion="1.0.2" badImageFormat="false" />
  <assembly guid="Linkoid.Repo.StableFlashlight" path="D:\SteamLibrary\steamapps\common\REPO\BepInEx\plugins\【实用】稳定手电防止晕眩\StableFlashlight.dll" dateModified="638767934880000000" MMHOOKDate="0" references="" pluginVersion="1.0" badImageFormat="false" />
  <assembly guid="prxphet.BetterTumble" path="D:\SteamLibrary\steamapps\common\REPO\BepInEx\plugins\【实用】翻滚撞人无自伤\BetterTumble.dll" dateModified="638767934360000000" MMHOOKDate="0" references="" pluginVersion="1.0" badImageFormat="false" />
  <assembly guid="x753.CustomColors" path="D:\SteamLibrary\steamapps\common\REPO\BepInEx\plugins\【实用】自定义颜色\CustomColors.dll" dateModified="638767940180000000" MMHOOKDate="0" references="" pluginVersion="1.0.0" badImageFormat="false" />
  <assembly guid="nickklmao.freecamspectate" path="D:\SteamLibrary\steamapps\common\REPO\BepInEx\plugins\【实用】自由视角\FreecamSpectate.dll" dateModified="638766899800000000" MMHOOKDate="0" references="" pluginVersion="1.0.2" badImageFormat="false" />
  <assembly guid="com.XhPlugin.Repo_Mod" path="D:\SteamLibrary\steamapps\common\REPO\BepInEx\plugins\【实用】血量显示\XH_DamageShow&amp;EnemyHealthBar.dll" dateModified="638778219772522970" MMHOOKDate="0" references="" pluginVersion="1.0.0" badImageFormat="false" />
  <assembly guid="Snowlance.NoDamageInShop" path="D:\SteamLibrary\steamapps\common\REPO\BepInEx\plugins\【实用】餐厅无敌\NoDamageInShop.dll" dateModified="638767941100000000" MMHOOKDate="0" references="" pluginVersion="1.0.0" badImageFormat="false" />
  <assembly guid="BlueAmulet.REPO_HD" path="D:\SteamLibrary\steamapps\common\REPO\BepInEx\plugins\【实用】高清修复\REPO_HD.dll" dateModified="638777723966945117" MMHOOKDate="0" references="" pluginVersion="1.0.0" badImageFormat="false" />
  <assembly guid="com.github.zehsteam.TakeyValuables" path="D:\SteamLibrary\steamapps\common\REPO\BepInEx\plugins\【物品】两个愚蠢玩偶\com.github.zehsteam.TakeyValuables.dll" dateModified="638773031040000000" MMHOOKDate="0" references="" pluginVersion="1.1.0" badImageFormat="false" />
  <assembly guid="LethalPlushies" path="D:\SteamLibrary\steamapps\common\REPO\BepInEx\plugins\【物品】公司玩偶\LethalPlushies.dll" dateModified="638776329960000000" MMHOOKDate="0" references="" pluginVersion="1.0.0" badImageFormat="false" />
  <assembly guid="Vortex.BigNuke" path="D:\SteamLibrary\steamapps\common\REPO\BepInEx\plugins\【物品】大核弹\BigNuke.dll" dateModified="638778203064686996" MMHOOKDate="0" references="" pluginVersion="1.0.1" badImageFormat="false" />
  <assembly guid="com.github.zehsteam.LethalCompanyValuables" path="D:\SteamLibrary\steamapps\common\REPO\BepInEx\plugins\【物品】致命公司\com.github.zehsteam.LethalCompanyValuables.dll" dateModified="638778116340096087" MMHOOKDate="0" references="" pluginVersion="1.1.1" badImageFormat="false" />
  <assembly guid="flipf17.DeadTTS" path="D:\SteamLibrary\steamapps\common\REPO\BepInEx\plugins\【玩法】亡语 死者可打字\REPO-DeadTTS.dll" dateModified="638777781086989970" MMHOOKDate="0" references="" pluginVersion="0.1.0" badImageFormat="false" />
  <assembly guid="REPO_Shop_Items_in_Level" path="D:\SteamLibrary\steamapps\common\REPO\BepInEx\plugins\【玩法】关卡生成升级\REPO_Shop_Items_in_Level.dll" dateModified="638777780278889343" MMHOOKDate="0" references="" pluginVersion="1.0.1" badImageFormat="false" />
  <assembly guid="Linkoid.Repo.DreadHeadDuck" path="D:\SteamLibrary\steamapps\common\REPO\BepInEx\plugins\【玩法】恐惧鸭子\DreadHeadDuck.dll" dateModified="638777728202106743" MMHOOKDate="0" references="" pluginVersion="1.0" badImageFormat="false" />
  <assembly guid="Mimics" path="D:\SteamLibrary\steamapps\common\REPO\BepInEx\plugins\【玩法】拟声怪\Mimics.dll" dateModified="638777744566801325" MMHOOKDate="0" references="" pluginVersion="1.0.0" badImageFormat="false" />
  <assembly guid="bulletbot.moreupgrades" path="D:\SteamLibrary\steamapps\common\REPO\BepInEx\plugins\【玩法】更多升级\MoreUpgrades.dll" dateModified="638777770790223090" MMHOOKDate="0" references="" pluginVersion="1.1.8" badImageFormat="false" />
  <assembly guid="sandwich.itemResistUpgrade" path="D:\SteamLibrary\steamapps\common\REPO\BepInEx\plugins\【玩法】物品抵抗升级\ItemResistUpgrade.dll" dateModified="638778118874859038" MMHOOKDate="0" references="" pluginVersion="1.0.0" badImageFormat="false" />
  <assembly guid="MoreShopItems" path="D:\SteamLibrary\steamapps\common\REPO\BepInEx\plugins\【玩法】琳琅满目\MoreShopItems.dll" dateModified="638776310420000000" MMHOOKDate="0" references="" pluginVersion="1.2.2" badImageFormat="false" />
  <assembly guid="bobismods.largepupils.mod" path="D:\SteamLibrary\steamapps\common\REPO\BepInEx\plugins\【玩法】眼神清澈\LargePupils.dll" dateModified="638772057660000000" MMHOOKDate="0" references="" pluginVersion="1.0.1" badImageFormat="false" />
  <assembly guid="reporoles.mod" path="D:\SteamLibrary\steamapps\common\REPO\BepInEx\plugins\【玩法】职业\R.E.P.O.Roles.dll" dateModified="638776326460000000" MMHOOKDate="0" references="" pluginVersion="1.3.1" badImageFormat="false" />
  <assembly guid="Mhz.REPOMoreHead" path="D:\SteamLibrary\steamapps\common\REPO\BepInEx\plugins\【玩法】装饰\MoreHead.dll" dateModified="638772983920000000" MMHOOKDate="0" references="" pluginVersion="1.0.0" badImageFormat="false" />
  <assembly guid="SteamBlizzard.YippeeDuck" path="D:\SteamLibrary\steamapps\common\REPO\BepInEx\plugins\【音效】鸭子yep\YippieDuck.dll" dateModified="638767180980000000" MMHOOKDate="0" references="" pluginVersion="1.0.0" badImageFormat="false" />
  <assembly guid="BaiduTranslate" path="D:\SteamLibrary\steamapps\common\REPO\BepInEx\plugins\XUnity.AutoTranslator\Translators\BaiduTranslate.dll" dateModified="638766899800000000" MMHOOKDate="0" references="" pluginVersion="0.0.0" badImageFormat="false" />
  <assembly guid="BingTranslate" path="D:\SteamLibrary\steamapps\common\REPO\BepInEx\plugins\XUnity.AutoTranslator\Translators\BingTranslate.dll" dateModified="638766899800000000" MMHOOKDate="0" references="" pluginVersion="0.0.0" badImageFormat="false" />
  <assembly guid="BingTranslateLegitimate" path="D:\SteamLibrary\steamapps\common\REPO\BepInEx\plugins\XUnity.AutoTranslator\Translators\BingTranslateLegitimate.dll" dateModified="638766899800000000" MMHOOKDate="0" references="" pluginVersion="0.0.0" badImageFormat="false" />
  <assembly guid="CustomTranslate" path="D:\SteamLibrary\steamapps\common\REPO\BepInEx\plugins\XUnity.AutoTranslator\Translators\CustomTranslate.dll" dateModified="638766899800000000" MMHOOKDate="0" references="" pluginVersion="0.0.0" badImageFormat="false" />
  <assembly guid="DeepLTranslate" path="D:\SteamLibrary\steamapps\common\REPO\BepInEx\plugins\XUnity.AutoTranslator\Translators\DeepLTranslate.dll" dateModified="638766899800000000" MMHOOKDate="0" references="" pluginVersion="0.0.0" badImageFormat="false" />
  <assembly guid="ezTransXP" path="D:\SteamLibrary\steamapps\common\REPO\BepInEx\plugins\XUnity.AutoTranslator\Translators\ezTransXP.dll" dateModified="638766899800000000" MMHOOKDate="0" references="" pluginVersion="0.0.0" badImageFormat="false" />
  <assembly guid="GoogleTranslate" path="D:\SteamLibrary\steamapps\common\REPO\BepInEx\plugins\XUnity.AutoTranslator\Translators\GoogleTranslate.dll" dateModified="638766899800000000" MMHOOKDate="0" references="" pluginVersion="0.0.0" badImageFormat="false" />
  <assembly guid="GoogleTranslateCompat" path="D:\SteamLibrary\steamapps\common\REPO\BepInEx\plugins\XUnity.AutoTranslator\Translators\GoogleTranslateCompat.dll" dateModified="638766899800000000" MMHOOKDate="0" references="" pluginVersion="0.0.0" badImageFormat="false" />
  <assembly guid="GoogleTranslateLegitimate" path="D:\SteamLibrary\steamapps\common\REPO\BepInEx\plugins\XUnity.AutoTranslator\Translators\GoogleTranslateLegitimate.dll" dateModified="638766899800000000" MMHOOKDate="0" references="" pluginVersion="0.0.0" badImageFormat="false" />
  <assembly guid="LecPowerTranslator15" path="D:\SteamLibrary\steamapps\common\REPO\BepInEx\plugins\XUnity.AutoTranslator\Translators\LecPowerTranslator15.dll" dateModified="638766899800000000" MMHOOKDate="0" references="" pluginVersion="0.0.0" badImageFormat="false" />
  <assembly guid="LingoCloudTranslate" path="D:\SteamLibrary\steamapps\common\REPO\BepInEx\plugins\XUnity.AutoTranslator\Translators\LingoCloudTranslate.dll" dateModified="638766899820000000" MMHOOKDate="0" references="" pluginVersion="0.0.0" badImageFormat="false" />
  <assembly guid="PapagoTranslate" path="D:\SteamLibrary\steamapps\common\REPO\BepInEx\plugins\XUnity.AutoTranslator\Translators\PapagoTranslate.dll" dateModified="638766899820000000" MMHOOKDate="0" references="" pluginVersion="0.0.0" badImageFormat="false" />
  <assembly guid="WatsonTranslate" path="D:\SteamLibrary\steamapps\common\REPO\BepInEx\plugins\XUnity.AutoTranslator\Translators\WatsonTranslate.dll" dateModified="638766899820000000" MMHOOKDate="0" references="" pluginVersion="0.0.0" badImageFormat="false" />
  <assembly guid="YandexTranslate" path="D:\SteamLibrary\steamapps\common\REPO\BepInEx\plugins\XUnity.AutoTranslator\Translators\YandexTranslate.dll" dateModified="638766899820000000" MMHOOKDate="0" references="" pluginVersion="0.0.0" badImageFormat="false" />
  <assembly guid="Hamunii.DetourContext.Dispose_Fix" path="D:\SteamLibrary\steamapps\common\REPO\BepInEx\plugins\【补丁】DetourContext Dispose 修复（测试）\patchers\Hamunii.DetourContext.Dispose_Fix.dll" dateModified="638772056740000000" MMHOOKDate="0" references="" pluginVersion="0.0.0" badImageFormat="false" />
  <assembly guid="Common.ExtProtocol" path="D:\SteamLibrary\steamapps\common\REPO\BepInEx\plugins\XUnity.AutoTranslator\Translators\FullNET\Common.ExtProtocol.dll" dateModified="638766899820000000" MMHOOKDate="0" references="" pluginVersion="0.0.0" badImageFormat="false" />
  <assembly guid="DeepLTranslate.ExtProtocol" path="D:\SteamLibrary\steamapps\common\REPO\BepInEx\plugins\XUnity.AutoTranslator\Translators\FullNET\DeepLTranslate.ExtProtocol.dll" dateModified="638766899820000000" MMHOOKDate="0" references="" pluginVersion="0.0.0" badImageFormat="false" />
  <assembly guid="GoogleTranslateCompat.ExtProtocol" path="D:\SteamLibrary\steamapps\common\REPO\BepInEx\plugins\XUnity.AutoTranslator\Translators\FullNET\GoogleTranslateCompat.ExtProtocol.dll" dateModified="638766899820000000" MMHOOKDate="0" references="" pluginVersion="0.0.0" badImageFormat="false" />
  <assembly guid="Http.ExtProtocol" path="D:\SteamLibrary\steamapps\common\REPO\BepInEx\plugins\XUnity.AutoTranslator\Translators\FullNET\Http.ExtProtocol.dll" dateModified="638766899820000000" MMHOOKDate="0" references="" pluginVersion="0.0.0" badImageFormat="false" />
  <assembly guid="Newtonsoft.Json" path="D:\SteamLibrary\steamapps\common\REPO\BepInEx\plugins\XUnity.AutoTranslator\Translators\FullNET\Newtonsoft.Json.dll" dateModified="638766899820000000" MMHOOKDate="0" references="" pluginVersion="0.0.0" badImageFormat="false" />
  <assembly guid="XUnity.AutoTranslator.Plugin.ExtProtocol" path="D:\SteamLibrary\steamapps\common\REPO\BepInEx\plugins\XUnity.AutoTranslator\Translators\FullNET\XUnity.AutoTranslator.Plugin.ExtProtocol.dll" dateModified="638766899820000000" MMHOOKDate="0" references="" pluginVersion="0.0.0" badImageFormat="false" />
</cache>